"arten","funk","jahr","value","dim","hh","unit","model"
"100","","2016","530209435.97","bilanz","ktn_gdn_lu","CHF","fs"
"101","","2016","1081966735.45","bilanz","ktn_gdn_lu","CHF","fs"
"102","","2016","170438089.37","bilanz","ktn_gdn_lu","CHF","fs"
"104","","2016","458770333.51","bilanz","ktn_gdn_lu","CHF","fs"
"106","","2016","4444714.95","bilanz","ktn_gdn_lu","CHF","fs"
"107","","2016","687154290.54","bilanz","ktn_gdn_lu","CHF","fs"
"108","","2016","450811190.32","bilanz","ktn_gdn_lu","CHF","fs"
"109","","2016","565695.89","bilanz","ktn_gdn_lu","CHF","fs"
"140","","2016","4884055753.08","bilanz","ktn_gdn_lu","CHF","fs"
"141","","2016","","bilanz","ktn_gdn_lu","CHF","fs"
"142","","2016","44422299.55","bilanz","ktn_gdn_lu","CHF","fs"
"143","","2016","163270322.28","bilanz","ktn_gdn_lu","CHF","fs"
"144","","2016","340052649.29","bilanz","ktn_gdn_lu","CHF","fs"
"145","","2016","677129194.36","bilanz","ktn_gdn_lu","CHF","fs"
"146","","2016","494716036.81","bilanz","ktn_gdn_lu","CHF","fs"
"147","","2016","","bilanz","ktn_gdn_lu","CHF","fs"
"148","","2016","","bilanz","ktn_gdn_lu","CHF","fs"
"200","","2016","1313782124.37","bilanz","ktn_gdn_lu","CHF","fs"
"201","","2016","262992385.97","bilanz","ktn_gdn_lu","CHF","fs"
"204","","2016","236389871.76","bilanz","ktn_gdn_lu","CHF","fs"
"205","","2016","28259346.73","bilanz","ktn_gdn_lu","CHF","fs"
"206","","2016","3075786459.72","bilanz","ktn_gdn_lu","CHF","fs"
"207","","2016","","bilanz","ktn_gdn_lu","CHF","fs"
"208","","2016","105203188.24","bilanz","ktn_gdn_lu","CHF","fs"
"209","","2016","544724539.32","bilanz","ktn_gdn_lu","CHF","fs"
"290","","2016","43414469.28","bilanz","ktn_gdn_lu","CHF","fs"
"292","","2016","","bilanz","ktn_gdn_lu","CHF","fs"
"293","","2016","241156864.97","bilanz","ktn_gdn_lu","CHF","fs"
"294","","2016","","bilanz","ktn_gdn_lu","CHF","fs"
"295","","2016","2522846961.19","bilanz","ktn_gdn_lu","CHF","fs"
"296","","2016","512801092.62","bilanz","ktn_gdn_lu","CHF","fs"
"298","","2016","","bilanz","ktn_gdn_lu","CHF","fs"
"299","","2016","1100649437.2","bilanz","ktn_gdn_lu","CHF","fs"
"empty","","2016","","er","ktn_gdn_lu","CHF","fs"
"empty","","2016","","er","ktn_gdn_lu","CHF","fs"
"empty","","2016","","er","ktn_gdn_lu","CHF","fs"
"empty","","2016","","er","ktn_gdn_lu","CHF","fs"
"300","","2016","49551597.8","aufwand","ktn_gdn_lu","CHF","fs"
"301","","2016","662534740.49","aufwand","ktn_gdn_lu","CHF","fs"
"302","","2016","635827175.75","aufwand","ktn_gdn_lu","CHF","fs"
"303","","2016","978093.68","aufwand","ktn_gdn_lu","CHF","fs"
"304","","2016","2323117.75","aufwand","ktn_gdn_lu","CHF","fs"
"305","","2016","242564767.74","aufwand","ktn_gdn_lu","CHF","fs"
"306","","2016","12035795.05","aufwand","ktn_gdn_lu","CHF","fs"
"309","","2016","20424453.16","aufwand","ktn_gdn_lu","CHF","fs"
"310","","2016","62029547.1","aufwand","ktn_gdn_lu","CHF","fs"
"311","","2016","34666984.53","aufwand","ktn_gdn_lu","CHF","fs"
"312","","2016","36974456.06","aufwand","ktn_gdn_lu","CHF","fs"
"313","","2016","183284487.69","aufwand","ktn_gdn_lu","CHF","fs"
"314","","2016","83404947.86","aufwand","ktn_gdn_lu","CHF","fs"
"315","","2016","34703081.9","aufwand","ktn_gdn_lu","CHF","fs"
"316","","2016","73785461.62","aufwand","ktn_gdn_lu","CHF","fs"
"317","","2016","11184697.41","aufwand","ktn_gdn_lu","CHF","fs"
"318","","2016","41030717.87","aufwand","ktn_gdn_lu","CHF","fs"
"319","","2016","12427232.48","aufwand","ktn_gdn_lu","CHF","fs"
"320","","2016","","aufwand","ktn_gdn_lu","CHF","fs"
"331","","2016","","aufwand","ktn_gdn_lu","CHF","fs"
"337","","2016","215628698.76","aufwand","ktn_gdn_lu","CHF","fs"
"338","","2016","73422198.75","aufwand","ktn_gdn_lu","CHF","fs"
"340","","2016","47853755.42","aufwand","ktn_gdn_lu","CHF","fs"
"341","","2016","1241341.41","aufwand","ktn_gdn_lu","CHF","fs"
"342","","2016","316348.81","aufwand","ktn_gdn_lu","CHF","fs"
"343","","2016","7527973.43","aufwand","ktn_gdn_lu","CHF","fs"
"344","","2016","2399544.26","aufwand","ktn_gdn_lu","CHF","fs"
"349","","2016","3173749.67","aufwand","ktn_gdn_lu","CHF","fs"
"350","","2016","8862915.23","aufwand","ktn_gdn_lu","CHF","fs"
"351","","2016","","aufwand","ktn_gdn_lu","CHF","fs"
"352","","2016","56175658.48","aufwand","ktn_gdn_lu","CHF","fs"
"3600","","2016","","aufwand","ktn_gdn_lu","CHF","fs"
"36010","","2016","","aufwand","ktn_gdn_lu","CHF","fs"
"36011","","2016","","aufwand","ktn_gdn_lu","CHF","fs"
"36012","","2016","","aufwand","ktn_gdn_lu","CHF","fs"
"36013","","2016","","aufwand","ktn_gdn_lu","CHF","fs"
"36014","","2016","","aufwand","ktn_gdn_lu","CHF","fs"
"36015","","2016","","aufwand","ktn_gdn_lu","CHF","fs"
"36016","","2016","","aufwand","ktn_gdn_lu","CHF","fs"
"36017","","2016","","aufwand","ktn_gdn_lu","CHF","fs"
"36018","","2016","","aufwand","ktn_gdn_lu","CHF","fs"
"36019","","2016","","aufwand","ktn_gdn_lu","CHF","fs"
"36021","","2016","","aufwand","ktn_gdn_lu","CHF","fs"
"36022","","2016","","aufwand","ktn_gdn_lu","CHF","fs"
"36023","","2016","","aufwand","ktn_gdn_lu","CHF","fs"
"36029","","2016","","aufwand","ktn_gdn_lu","CHF","fs"
"3603","","2016","","aufwand","ktn_gdn_lu","CHF","fs"
"3604","","2016","","aufwand","ktn_gdn_lu","CHF","fs"
"3610","","2016","","aufwand","ktn_gdn_lu","CHF","fs"
"3611","","2016","17190934.96","aufwand","ktn_gdn_lu","CHF","fs"
"3612","","2016","","aufwand","ktn_gdn_lu","CHF","fs"
"3613","","2016","","aufwand","ktn_gdn_lu","CHF","fs"
"3614","","2016","2000","aufwand","ktn_gdn_lu","CHF","fs"
"3620","","2016","","aufwand","ktn_gdn_lu","CHF","fs"
"36211","","2016","","aufwand","ktn_gdn_lu","CHF","fs"
"36212","","2016","","aufwand","ktn_gdn_lu","CHF","fs"
"36213","","2016","","aufwand","ktn_gdn_lu","CHF","fs"
"36214","","2016","5442615","aufwand","ktn_gdn_lu","CHF","fs"
"36215","","2016","","aufwand","ktn_gdn_lu","CHF","fs"
"36216","","2016","","aufwand","ktn_gdn_lu","CHF","fs"
"36217","","2016","","aufwand","ktn_gdn_lu","CHF","fs"
"36219","","2016","","aufwand","ktn_gdn_lu","CHF","fs"
"36221","","2016","","aufwand","ktn_gdn_lu","CHF","fs"
"36222","","2016","","aufwand","ktn_gdn_lu","CHF","fs"
"36223","","2016","","aufwand","ktn_gdn_lu","CHF","fs"
"36224","","2016","","aufwand","ktn_gdn_lu","CHF","fs"
"36225","","2016","","aufwand","ktn_gdn_lu","CHF","fs"
"36226","","2016","","aufwand","ktn_gdn_lu","CHF","fs"
"36227","","2016","","aufwand","ktn_gdn_lu","CHF","fs"
"36228","","2016","","aufwand","ktn_gdn_lu","CHF","fs"
"3624","","2016","","aufwand","ktn_gdn_lu","CHF","fs"
"3629","","2016","","aufwand","ktn_gdn_lu","CHF","fs"
"3630","","2016","","aufwand","ktn_gdn_lu","CHF","fs"
"3631","","2016","134006471.65","aufwand","ktn_gdn_lu","CHF","fs"
"3632","","2016","","aufwand","ktn_gdn_lu","CHF","fs"
"3633","","2016","8364029.1","aufwand","ktn_gdn_lu","CHF","fs"
"3634","","2016","432247126.77","aufwand","ktn_gdn_lu","CHF","fs"
"3635","","2016","338372944.89","aufwand","ktn_gdn_lu","CHF","fs"
"3636","","2016","392146513.2","aufwand","ktn_gdn_lu","CHF","fs"
"3637","","2016","624257771.57","aufwand","ktn_gdn_lu","CHF","fs"
"3638","","2016","363381.9","aufwand","ktn_gdn_lu","CHF","fs"
"3639","","2016","10776707","aufwand","ktn_gdn_lu","CHF","fs"
"364","","2016","","aufwand","ktn_gdn_lu","CHF","fs"
"365","","2016","","aufwand","ktn_gdn_lu","CHF","fs"
"366","","2016","23358099.2","aufwand","ktn_gdn_lu","CHF","fs"
"369","","2016","","aufwand","ktn_gdn_lu","CHF","fs"
"380","","2016","1832956","aufwand","ktn_gdn_lu","CHF","fs"
"381","","2016","","aufwand","ktn_gdn_lu","CHF","fs"
"383","","2016","","aufwand","ktn_gdn_lu","CHF","fs"
"384","","2016","","aufwand","ktn_gdn_lu","CHF","fs"
"3860","","2016","","aufwand","ktn_gdn_lu","CHF","fs"
"3861","","2016","","aufwand","ktn_gdn_lu","CHF","fs"
"3862","","2016","","aufwand","ktn_gdn_lu","CHF","fs"
"3863","","2016","","aufwand","ktn_gdn_lu","CHF","fs"
"3864","","2016","","aufwand","ktn_gdn_lu","CHF","fs"
"3865","","2016","","aufwand","ktn_gdn_lu","CHF","fs"
"3866","","2016","","aufwand","ktn_gdn_lu","CHF","fs"
"3867","","2016","","aufwand","ktn_gdn_lu","CHF","fs"
"3868","","2016","","aufwand","ktn_gdn_lu","CHF","fs"
"387","","2016","","aufwand","ktn_gdn_lu","CHF","fs"
"389","","2016","5441427.34","aufwand","ktn_gdn_lu","CHF","fs"
"4000","","2016","1655904775.28","ertrag","ktn_gdn_lu","CHF","fs"
"4001","","2016","197452322.64","ertrag","ktn_gdn_lu","CHF","fs"
"4002","","2016","58478529.83","ertrag","ktn_gdn_lu","CHF","fs"
"4008","","2016","11416879.3","ertrag","ktn_gdn_lu","CHF","fs"
"4009","","2016","54397232.24","ertrag","ktn_gdn_lu","CHF","fs"
"4010","","2016","210813643.26","ertrag","ktn_gdn_lu","CHF","fs"
"4011","","2016","53100116.35","ertrag","ktn_gdn_lu","CHF","fs"
"4012","","2016","","ertrag","ktn_gdn_lu","CHF","fs"
"4019","","2016","","ertrag","ktn_gdn_lu","CHF","fs"
"4020","","2016","","ertrag","ktn_gdn_lu","CHF","fs"
"4021","","2016","73171.6","ertrag","ktn_gdn_lu","CHF","fs"
"4022","","2016","94679237","ertrag","ktn_gdn_lu","CHF","fs"
"4023","","2016","53703121.75","ertrag","ktn_gdn_lu","CHF","fs"
"4024","","2016","53001223.13","ertrag","ktn_gdn_lu","CHF","fs"
"4025","","2016","","ertrag","ktn_gdn_lu","CHF","fs"
"4030","","2016","101769227","ertrag","ktn_gdn_lu","CHF","fs"
"4031","","2016","2166607","ertrag","ktn_gdn_lu","CHF","fs"
"4032","","2016","7286027.25","ertrag","ktn_gdn_lu","CHF","fs"
"4033","","2016","1890319.1","ertrag","ktn_gdn_lu","CHF","fs"
"4039","","2016","1175733","ertrag","ktn_gdn_lu","CHF","fs"
"4040","","2016","","ertrag","ktn_gdn_lu","CHF","fs"
"4041","","2016","","ertrag","ktn_gdn_lu","CHF","fs"
"4042","","2016","","ertrag","ktn_gdn_lu","CHF","fs"
"4043","","2016","","ertrag","ktn_gdn_lu","CHF","fs"
"4044","","2016","","ertrag","ktn_gdn_lu","CHF","fs"
"4045","","2016","","ertrag","ktn_gdn_lu","CHF","fs"
"4046","","2016","","ertrag","ktn_gdn_lu","CHF","fs"
"4047","","2016","","ertrag","ktn_gdn_lu","CHF","fs"
"4049","","2016","","ertrag","ktn_gdn_lu","CHF","fs"
"4050","","2016","","ertrag","ktn_gdn_lu","CHF","fs"
"4051","","2016","","ertrag","ktn_gdn_lu","CHF","fs"
"4052","","2016","","ertrag","ktn_gdn_lu","CHF","fs"
"4053","","2016","","ertrag","ktn_gdn_lu","CHF","fs"
"4059","","2016","","ertrag","ktn_gdn_lu","CHF","fs"
"4060","","2016","","ertrag","ktn_gdn_lu","CHF","fs"
"4070","","2016","","ertrag","ktn_gdn_lu","CHF","fs"
"4071","","2016","","ertrag","ktn_gdn_lu","CHF","fs"
"4072","","2016","","ertrag","ktn_gdn_lu","CHF","fs"
"4079","","2016","","ertrag","ktn_gdn_lu","CHF","fs"
"410","","2016","1899611.9","ertrag","ktn_gdn_lu","CHF","fs"
"411","","2016","31952892","ertrag","ktn_gdn_lu","CHF","fs"
"412","","2016","23958150.83","ertrag","ktn_gdn_lu","CHF","fs"
"413","","2016","20520214","ertrag","ktn_gdn_lu","CHF","fs"
"420","","2016","22396040.19","ertrag","ktn_gdn_lu","CHF","fs"
"421","","2016","113050407.28","ertrag","ktn_gdn_lu","CHF","fs"
"422","","2016","9619915.95","ertrag","ktn_gdn_lu","CHF","fs"
"423","","2016","32333195.78","ertrag","ktn_gdn_lu","CHF","fs"
"424","","2016","165424282.77","ertrag","ktn_gdn_lu","CHF","fs"
"425","","2016","37121272.41","ertrag","ktn_gdn_lu","CHF","fs"
"426","","2016","164969898.18","ertrag","ktn_gdn_lu","CHF","fs"
"427","","2016","40678169.16","ertrag","ktn_gdn_lu","CHF","fs"
"429","","2016","10567699.88","ertrag","ktn_gdn_lu","CHF","fs"
"430","","2016","311994.85","ertrag","ktn_gdn_lu","CHF","fs"
"431","","2016","3727786.91","ertrag","ktn_gdn_lu","CHF","fs"
"432","","2016","-37705","ertrag","ktn_gdn_lu","CHF","fs"
"439","","2016","1133235.75","ertrag","ktn_gdn_lu","CHF","fs"
"440","","2016","10682285.44","ertrag","ktn_gdn_lu","CHF","fs"
"441","","2016","46736191.07","ertrag","ktn_gdn_lu","CHF","fs"
"442","","2016","10069117.3","ertrag","ktn_gdn_lu","CHF","fs"
"443","","2016","30381435.48","ertrag","ktn_gdn_lu","CHF","fs"
"444","","2016","2601887.7","ertrag","ktn_gdn_lu","CHF","fs"
"445","","2016","3831815.07","ertrag","ktn_gdn_lu","CHF","fs"
"446","","2016","97523454.42","ertrag","ktn_gdn_lu","CHF","fs"
"447","","2016","40104785.72","ertrag","ktn_gdn_lu","CHF","fs"
"448","","2016","2246587.35","ertrag","ktn_gdn_lu","CHF","fs"
"449","","2016","","ertrag","ktn_gdn_lu","CHF","fs"
"450","","2016","11925115.19","ertrag","ktn_gdn_lu","CHF","fs"
"451","","2016","","ertrag","ktn_gdn_lu","CHF","fs"
"452","","2016","50581395.09","ertrag","ktn_gdn_lu","CHF","fs"
"46000","","2016","130905722","ertrag","ktn_gdn_lu","CHF","fs"
"46001","","2016","26358605","ertrag","ktn_gdn_lu","CHF","fs"
"46002","","2016","1506826","ertrag","ktn_gdn_lu","CHF","fs"
"46003","","2016","1186205","ertrag","ktn_gdn_lu","CHF","fs"
"46004","","2016","","ertrag","ktn_gdn_lu","CHF","fs"
"46005","","2016","10657305.91","ertrag","ktn_gdn_lu","CHF","fs"
"46006","","2016","","ertrag","ktn_gdn_lu","CHF","fs"
"46007","","2016","202774","ertrag","ktn_gdn_lu","CHF","fs"
"46008","","2016","16818804.5","ertrag","ktn_gdn_lu","CHF","fs"
"46009","","2016","153791","ertrag","ktn_gdn_lu","CHF","fs"
"46010","","2016","","ertrag","ktn_gdn_lu","CHF","fs"
"46011","","2016","","ertrag","ktn_gdn_lu","CHF","fs"
"46012","","2016","","ertrag","ktn_gdn_lu","CHF","fs"
"46019","","2016","","ertrag","ktn_gdn_lu","CHF","fs"
"4603","","2016","","ertrag","ktn_gdn_lu","CHF","fs"
"4604","","2016","","ertrag","ktn_gdn_lu","CHF","fs"
"4610","","2016","101071994.64","ertrag","ktn_gdn_lu","CHF","fs"
"4611","","2016","22544820.35","ertrag","ktn_gdn_lu","CHF","fs"
"4612","","2016","","ertrag","ktn_gdn_lu","CHF","fs"
"4613","","2016","19066154.68","ertrag","ktn_gdn_lu","CHF","fs"
"4614","","2016","","ertrag","ktn_gdn_lu","CHF","fs"
"46201","","2016","136485109.16","ertrag","ktn_gdn_lu","CHF","fs"
"46202","","2016","","ertrag","ktn_gdn_lu","CHF","fs"
"46203","","2016","6444590.66","ertrag","ktn_gdn_lu","CHF","fs"
"46204","","2016","15004977.33","ertrag","ktn_gdn_lu","CHF","fs"
"46209","","2016","","ertrag","ktn_gdn_lu","CHF","fs"
"46211","","2016","93275208.96","ertrag","ktn_gdn_lu","CHF","fs"
"46212","","2016","","ertrag","ktn_gdn_lu","CHF","fs"
"46213","","2016","","ertrag","ktn_gdn_lu","CHF","fs"
"46214","","2016","7502488.67","ertrag","ktn_gdn_lu","CHF","fs"
"46215","","2016","","ertrag","ktn_gdn_lu","CHF","fs"
"46216","","2016","","ertrag","ktn_gdn_lu","CHF","fs"
"46217","","2016","","ertrag","ktn_gdn_lu","CHF","fs"
"46225","","2016","","ertrag","ktn_gdn_lu","CHF","fs"
"46226","","2016","","ertrag","ktn_gdn_lu","CHF","fs"
"46227","","2016","","ertrag","ktn_gdn_lu","CHF","fs"
"46228","","2016","","ertrag","ktn_gdn_lu","CHF","fs"
"4624","","2016","","ertrag","ktn_gdn_lu","CHF","fs"
"4629","","2016","","ertrag","ktn_gdn_lu","CHF","fs"
"4630","","2016","471127817.59","ertrag","ktn_gdn_lu","CHF","fs"
"4631","","2016","49668590.55","ertrag","ktn_gdn_lu","CHF","fs"
"4632","","2016","","ertrag","ktn_gdn_lu","CHF","fs"
"4633","","2016","","ertrag","ktn_gdn_lu","CHF","fs"
"4634","","2016","2364532.95","ertrag","ktn_gdn_lu","CHF","fs"
"4635","","2016","166946","ertrag","ktn_gdn_lu","CHF","fs"
"4636","","2016","1053940.05","ertrag","ktn_gdn_lu","CHF","fs"
"4637","","2016","","ertrag","ktn_gdn_lu","CHF","fs"
"4638","","2016","","ertrag","ktn_gdn_lu","CHF","fs"
"466","","2016","17230583.6","ertrag","ktn_gdn_lu","CHF","fs"
"469","","2016","1794307.45","ertrag","ktn_gdn_lu","CHF","fs"
"481","","2016","","ertrag","ktn_gdn_lu","CHF","fs"
"482","","2016","","ertrag","ktn_gdn_lu","CHF","fs"
"483","","2016","","ertrag","ktn_gdn_lu","CHF","fs"
"484","","2016","","ertrag","ktn_gdn_lu","CHF","fs"
"485","","2016","","ertrag","ktn_gdn_lu","CHF","fs"
"4860","","2016","","ertrag","ktn_gdn_lu","CHF","fs"
"4861","","2016","","ertrag","ktn_gdn_lu","CHF","fs"
"4862","","2016","","ertrag","ktn_gdn_lu","CHF","fs"
"4863","","2016","","ertrag","ktn_gdn_lu","CHF","fs"
"4864","","2016","","ertrag","ktn_gdn_lu","CHF","fs"
"4865","","2016","","ertrag","ktn_gdn_lu","CHF","fs"
"4866","","2016","","ertrag","ktn_gdn_lu","CHF","fs"
"4867","","2016","","ertrag","ktn_gdn_lu","CHF","fs"
"4868","","2016","","ertrag","ktn_gdn_lu","CHF","fs"
"4870","","2016","","ertrag","ktn_gdn_lu","CHF","fs"
"489","","2016","5341974.2","ertrag","ktn_gdn_lu","CHF","fs"
"empty","","2016","","fir","ktn_gdn_lu","CHF","fs"
"empty","","2016","","fir","ktn_gdn_lu","CHF","fs"
"empty","","2016","","fir","ktn_gdn_lu","CHF","fs"
"empty","","2016","","fir","ktn_gdn_lu","CHF","fs"
"empty","","2016","","fir","ktn_gdn_lu","CHF","fs"
"300","","2016","49551597.8","ausgaben","ktn_gdn_lu","CHF","fs"
"301","","2016","662534740.49","ausgaben","ktn_gdn_lu","CHF","fs"
"302","","2016","635827175.75","ausgaben","ktn_gdn_lu","CHF","fs"
"303","","2016","978093.68","ausgaben","ktn_gdn_lu","CHF","fs"
"304","","2016","2323117.75","ausgaben","ktn_gdn_lu","CHF","fs"
"305","","2016","242564767.74","ausgaben","ktn_gdn_lu","CHF","fs"
"306","","2016","12035795.05","ausgaben","ktn_gdn_lu","CHF","fs"
"309","","2016","20424453.16","ausgaben","ktn_gdn_lu","CHF","fs"
"310","","2016","62029547.1","ausgaben","ktn_gdn_lu","CHF","fs"
"311","","2016","34666984.53","ausgaben","ktn_gdn_lu","CHF","fs"
"312","","2016","36974456.06","ausgaben","ktn_gdn_lu","CHF","fs"
"313","","2016","183284487.69","ausgaben","ktn_gdn_lu","CHF","fs"
"314","","2016","83404947.86","ausgaben","ktn_gdn_lu","CHF","fs"
"315","","2016","34703081.9","ausgaben","ktn_gdn_lu","CHF","fs"
"316","","2016","73785461.62","ausgaben","ktn_gdn_lu","CHF","fs"
"317","","2016","11184697.41","ausgaben","ktn_gdn_lu","CHF","fs"
"318","","2016","41292204.8","ausgaben","ktn_gdn_lu","CHF","fs"
"319","","2016","12427232.48","ausgaben","ktn_gdn_lu","CHF","fs"
"320","","2016","","ausgaben","ktn_gdn_lu","CHF","fs"
"340","","2016","47853755.42","ausgaben","ktn_gdn_lu","CHF","fs"
"341","","2016","1241341.41","ausgaben","ktn_gdn_lu","CHF","fs"
"342","","2016","316348.81","ausgaben","ktn_gdn_lu","CHF","fs"
"343","","2016","7527973.43","ausgaben","ktn_gdn_lu","CHF","fs"
"349","","2016","3173749.67","ausgaben","ktn_gdn_lu","CHF","fs"
"3600","","2016","","ausgaben","ktn_gdn_lu","CHF","fs"
"36010","","2016","","ausgaben","ktn_gdn_lu","CHF","fs"
"36011","","2016","","ausgaben","ktn_gdn_lu","CHF","fs"
"36012","","2016","","ausgaben","ktn_gdn_lu","CHF","fs"
"36013","","2016","","ausgaben","ktn_gdn_lu","CHF","fs"
"36014","","2016","","ausgaben","ktn_gdn_lu","CHF","fs"
"36015","","2016","","ausgaben","ktn_gdn_lu","CHF","fs"
"36016","","2016","","ausgaben","ktn_gdn_lu","CHF","fs"
"36017","","2016","","ausgaben","ktn_gdn_lu","CHF","fs"
"36018","","2016","","ausgaben","ktn_gdn_lu","CHF","fs"
"36019","","2016","","ausgaben","ktn_gdn_lu","CHF","fs"
"36021","","2016","","ausgaben","ktn_gdn_lu","CHF","fs"
"36022","","2016","","ausgaben","ktn_gdn_lu","CHF","fs"
"36023","","2016","","ausgaben","ktn_gdn_lu","CHF","fs"
"36029","","2016","","ausgaben","ktn_gdn_lu","CHF","fs"
"3603","","2016","","ausgaben","ktn_gdn_lu","CHF","fs"
"3604","","2016","","ausgaben","ktn_gdn_lu","CHF","fs"
"3610","","2016","","ausgaben","ktn_gdn_lu","CHF","fs"
"3611","","2016","17190934.96","ausgaben","ktn_gdn_lu","CHF","fs"
"3612","","2016","","ausgaben","ktn_gdn_lu","CHF","fs"
"3613","","2016","","ausgaben","ktn_gdn_lu","CHF","fs"
"3614","","2016","2000","ausgaben","ktn_gdn_lu","CHF","fs"
"3620","","2016","","ausgaben","ktn_gdn_lu","CHF","fs"
"36211","","2016","","ausgaben","ktn_gdn_lu","CHF","fs"
"36212","","2016","","ausgaben","ktn_gdn_lu","CHF","fs"
"36213","","2016","","ausgaben","ktn_gdn_lu","CHF","fs"
"36214","","2016","5442615","ausgaben","ktn_gdn_lu","CHF","fs"
"36215","","2016","","ausgaben","ktn_gdn_lu","CHF","fs"
"36216","","2016","","ausgaben","ktn_gdn_lu","CHF","fs"
"36217","","2016","","ausgaben","ktn_gdn_lu","CHF","fs"
"36219","","2016","","ausgaben","ktn_gdn_lu","CHF","fs"
"36221","","2016","","ausgaben","ktn_gdn_lu","CHF","fs"
"36222","","2016","","ausgaben","ktn_gdn_lu","CHF","fs"
"36223","","2016","","ausgaben","ktn_gdn_lu","CHF","fs"
"36224","","2016","","ausgaben","ktn_gdn_lu","CHF","fs"
"36225","","2016","","ausgaben","ktn_gdn_lu","CHF","fs"
"36226","","2016","","ausgaben","ktn_gdn_lu","CHF","fs"
"36227","","2016","","ausgaben","ktn_gdn_lu","CHF","fs"
"36228","","2016","","ausgaben","ktn_gdn_lu","CHF","fs"
"3624","","2016","","ausgaben","ktn_gdn_lu","CHF","fs"
"3629","","2016","","ausgaben","ktn_gdn_lu","CHF","fs"
"3630","","2016","","ausgaben","ktn_gdn_lu","CHF","fs"
"3631","","2016","134006471.65","ausgaben","ktn_gdn_lu","CHF","fs"
"3632","","2016","","ausgaben","ktn_gdn_lu","CHF","fs"
"3633","","2016","8364029.1","ausgaben","ktn_gdn_lu","CHF","fs"
"3634","","2016","432247126.77","ausgaben","ktn_gdn_lu","CHF","fs"
"3635","","2016","338372944.89","ausgaben","ktn_gdn_lu","CHF","fs"
"3636","","2016","392146513.2","ausgaben","ktn_gdn_lu","CHF","fs"
"3637","","2016","624257771.57","ausgaben","ktn_gdn_lu","CHF","fs"
"3638","","2016","363381.9","ausgaben","ktn_gdn_lu","CHF","fs"
"3639","","2016","10776707","ausgaben","ktn_gdn_lu","CHF","fs"
"369","","2016","","ausgaben","ktn_gdn_lu","CHF","fs"
"380","","2016","1832956","ausgaben","ktn_gdn_lu","CHF","fs"
"381","","2016","","ausgaben","ktn_gdn_lu","CHF","fs"
"384","","2016","","ausgaben","ktn_gdn_lu","CHF","fs"
"3860","","2016","","ausgaben","ktn_gdn_lu","CHF","fs"
"3861","","2016","","ausgaben","ktn_gdn_lu","CHF","fs"
"3862","","2016","","ausgaben","ktn_gdn_lu","CHF","fs"
"3863","","2016","","ausgaben","ktn_gdn_lu","CHF","fs"
"3864","","2016","","ausgaben","ktn_gdn_lu","CHF","fs"
"3865","","2016","","ausgaben","ktn_gdn_lu","CHF","fs"
"3866","","2016","","ausgaben","ktn_gdn_lu","CHF","fs"
"3867","","2016","","ausgaben","ktn_gdn_lu","CHF","fs"
"3868","","2016","","ausgaben","ktn_gdn_lu","CHF","fs"
"500","","2016","1577425.85","ausgaben","ktn_gdn_lu","CHF","fs"
"503","","2016","185131773.76","ausgaben","ktn_gdn_lu","CHF","fs"
"504","","2016","192984781.2","ausgaben","ktn_gdn_lu","CHF","fs"
"505","","2016","8055","ausgaben","ktn_gdn_lu","CHF","fs"
"506","","2016","25172982.28","ausgaben","ktn_gdn_lu","CHF","fs"
"509","","2016","404512.5","ausgaben","ktn_gdn_lu","CHF","fs"
"510","","2016","","ausgaben","ktn_gdn_lu","CHF","fs"
"513","","2016","705031.88","ausgaben","ktn_gdn_lu","CHF","fs"
"514","","2016","","ausgaben","ktn_gdn_lu","CHF","fs"
"515","","2016","","ausgaben","ktn_gdn_lu","CHF","fs"
"516","","2016","","ausgaben","ktn_gdn_lu","CHF","fs"
"519","","2016","","ausgaben","ktn_gdn_lu","CHF","fs"
"520","","2016","4764083.8","ausgaben","ktn_gdn_lu","CHF","fs"
"521","","2016","","ausgaben","ktn_gdn_lu","CHF","fs"
"529","","2016","9171368.15","ausgaben","ktn_gdn_lu","CHF","fs"
"530","","2016","","ausgaben","ktn_gdn_lu","CHF","fs"
"531","","2016","","ausgaben","ktn_gdn_lu","CHF","fs"
"532","","2016","","ausgaben","ktn_gdn_lu","CHF","fs"
"533","","2016","","ausgaben","ktn_gdn_lu","CHF","fs"
"534","","2016","","ausgaben","ktn_gdn_lu","CHF","fs"
"535","","2016","","ausgaben","ktn_gdn_lu","CHF","fs"
"536","","2016","","ausgaben","ktn_gdn_lu","CHF","fs"
"537","","2016","","ausgaben","ktn_gdn_lu","CHF","fs"
"538","","2016","","ausgaben","ktn_gdn_lu","CHF","fs"
"540","","2016","","ausgaben","ktn_gdn_lu","CHF","fs"
"541","","2016","","ausgaben","ktn_gdn_lu","CHF","fs"
"542","","2016","","ausgaben","ktn_gdn_lu","CHF","fs"
"543","","2016","","ausgaben","ktn_gdn_lu","CHF","fs"
"544","","2016","58750","ausgaben","ktn_gdn_lu","CHF","fs"
"545","","2016","699947","ausgaben","ktn_gdn_lu","CHF","fs"
"546","","2016","","ausgaben","ktn_gdn_lu","CHF","fs"
"547","","2016","","ausgaben","ktn_gdn_lu","CHF","fs"
"548","","2016","","ausgaben","ktn_gdn_lu","CHF","fs"
"549","","2016","4098025","ausgaben","ktn_gdn_lu","CHF","fs"
"550","","2016","","ausgaben","ktn_gdn_lu","CHF","fs"
"551","","2016","","ausgaben","ktn_gdn_lu","CHF","fs"
"552","","2016","","ausgaben","ktn_gdn_lu","CHF","fs"
"553","","2016","","ausgaben","ktn_gdn_lu","CHF","fs"
"554","","2016","500001","ausgaben","ktn_gdn_lu","CHF","fs"
"555","","2016","","ausgaben","ktn_gdn_lu","CHF","fs"
"556","","2016","","ausgaben","ktn_gdn_lu","CHF","fs"
"557","","2016","","ausgaben","ktn_gdn_lu","CHF","fs"
"558","","2016","","ausgaben","ktn_gdn_lu","CHF","fs"
"570","","2016","20912000","ausgaben","ktn_gdn_lu","CHF","fs"
"571","","2016","97524","ausgaben","ktn_gdn_lu","CHF","fs"
"572","","2016","","ausgaben","ktn_gdn_lu","CHF","fs"
"573","","2016","","ausgaben","ktn_gdn_lu","CHF","fs"
"574","","2016","27155051.4","ausgaben","ktn_gdn_lu","CHF","fs"
"575","","2016","12036643.2","ausgaben","ktn_gdn_lu","CHF","fs"
"576","","2016","6939536.5","ausgaben","ktn_gdn_lu","CHF","fs"
"577","","2016","4563910","ausgaben","ktn_gdn_lu","CHF","fs"
"578","","2016","","ausgaben","ktn_gdn_lu","CHF","fs"
"580","","2016","","ausgaben","ktn_gdn_lu","CHF","fs"
"582","","2016","","ausgaben","ktn_gdn_lu","CHF","fs"
"584","","2016","","ausgaben","ktn_gdn_lu","CHF","fs"
"585","","2016","","ausgaben","ktn_gdn_lu","CHF","fs"
"5870","","2016","","ausgaben","ktn_gdn_lu","CHF","fs"
"5871","","2016","","ausgaben","ktn_gdn_lu","CHF","fs"
"5872","","2016","","ausgaben","ktn_gdn_lu","CHF","fs"
"5873","","2016","","ausgaben","ktn_gdn_lu","CHF","fs"
"5874","","2016","","ausgaben","ktn_gdn_lu","CHF","fs"
"5875","","2016","","ausgaben","ktn_gdn_lu","CHF","fs"
"5876","","2016","","ausgaben","ktn_gdn_lu","CHF","fs"
"5877","","2016","","ausgaben","ktn_gdn_lu","CHF","fs"
"5878","","2016","","ausgaben","ktn_gdn_lu","CHF","fs"
"589","","2016","","ausgaben","ktn_gdn_lu","CHF","fs"
"4000","","2016","1655904775.28","einnahmen","ktn_gdn_lu","CHF","fs"
"4001","","2016","197452322.64","einnahmen","ktn_gdn_lu","CHF","fs"
"4002","","2016","58478529.83","einnahmen","ktn_gdn_lu","CHF","fs"
"4008","","2016","11416879.3","einnahmen","ktn_gdn_lu","CHF","fs"
"4009","","2016","54397232.24","einnahmen","ktn_gdn_lu","CHF","fs"
"4010","","2016","210813643.26","einnahmen","ktn_gdn_lu","CHF","fs"
"4011","","2016","53100116.35","einnahmen","ktn_gdn_lu","CHF","fs"
"4012","","2016","","einnahmen","ktn_gdn_lu","CHF","fs"
"4019","","2016","","einnahmen","ktn_gdn_lu","CHF","fs"
"4020","","2016","","einnahmen","ktn_gdn_lu","CHF","fs"
"4021","","2016","73171.6","einnahmen","ktn_gdn_lu","CHF","fs"
"4022","","2016","94679237","einnahmen","ktn_gdn_lu","CHF","fs"
"4023","","2016","53703121.75","einnahmen","ktn_gdn_lu","CHF","fs"
"4024","","2016","53001223.13","einnahmen","ktn_gdn_lu","CHF","fs"
"4025","","2016","","einnahmen","ktn_gdn_lu","CHF","fs"
"4030","","2016","101769227","einnahmen","ktn_gdn_lu","CHF","fs"
"4031","","2016","2166607","einnahmen","ktn_gdn_lu","CHF","fs"
"4032","","2016","7286027.25","einnahmen","ktn_gdn_lu","CHF","fs"
"4033","","2016","1890319.1","einnahmen","ktn_gdn_lu","CHF","fs"
"4039","","2016","1175733","einnahmen","ktn_gdn_lu","CHF","fs"
"4040","","2016","","einnahmen","ktn_gdn_lu","CHF","fs"
"4041","","2016","","einnahmen","ktn_gdn_lu","CHF","fs"
"4042","","2016","","einnahmen","ktn_gdn_lu","CHF","fs"
"4043","","2016","","einnahmen","ktn_gdn_lu","CHF","fs"
"4044","","2016","","einnahmen","ktn_gdn_lu","CHF","fs"
"4045","","2016","","einnahmen","ktn_gdn_lu","CHF","fs"
"4046","","2016","","einnahmen","ktn_gdn_lu","CHF","fs"
"4047","","2016","","einnahmen","ktn_gdn_lu","CHF","fs"
"4049","","2016","","einnahmen","ktn_gdn_lu","CHF","fs"
"4050","","2016","","einnahmen","ktn_gdn_lu","CHF","fs"
"4051","","2016","","einnahmen","ktn_gdn_lu","CHF","fs"
"4052","","2016","","einnahmen","ktn_gdn_lu","CHF","fs"
"4053","","2016","","einnahmen","ktn_gdn_lu","CHF","fs"
"4059","","2016","","einnahmen","ktn_gdn_lu","CHF","fs"
"4060","","2016","","einnahmen","ktn_gdn_lu","CHF","fs"
"4070","","2016","","einnahmen","ktn_gdn_lu","CHF","fs"
"4071","","2016","","einnahmen","ktn_gdn_lu","CHF","fs"
"4072","","2016","","einnahmen","ktn_gdn_lu","CHF","fs"
"4079","","2016","","einnahmen","ktn_gdn_lu","CHF","fs"
"410","","2016","1899611.9","einnahmen","ktn_gdn_lu","CHF","fs"
"411","","2016","31952892","einnahmen","ktn_gdn_lu","CHF","fs"
"412","","2016","23958150.83","einnahmen","ktn_gdn_lu","CHF","fs"
"413","","2016","20520214","einnahmen","ktn_gdn_lu","CHF","fs"
"420","","2016","22396040.19","einnahmen","ktn_gdn_lu","CHF","fs"
"421","","2016","113050407.28","einnahmen","ktn_gdn_lu","CHF","fs"
"422","","2016","9619915.95","einnahmen","ktn_gdn_lu","CHF","fs"
"423","","2016","32333195.78","einnahmen","ktn_gdn_lu","CHF","fs"
"424","","2016","165424282.77","einnahmen","ktn_gdn_lu","CHF","fs"
"425","","2016","37121272.41","einnahmen","ktn_gdn_lu","CHF","fs"
"426","","2016","164969898.18","einnahmen","ktn_gdn_lu","CHF","fs"
"427","","2016","40678169.16","einnahmen","ktn_gdn_lu","CHF","fs"
"429","","2016","10567699.88","einnahmen","ktn_gdn_lu","CHF","fs"
"430","","2016","311994.85","einnahmen","ktn_gdn_lu","CHF","fs"
"431","","2016","3727786.91","einnahmen","ktn_gdn_lu","CHF","fs"
"432","","2016","-37705","einnahmen","ktn_gdn_lu","CHF","fs"
"439","","2016","1133235.75","einnahmen","ktn_gdn_lu","CHF","fs"
"440","","2016","10682285.44","einnahmen","ktn_gdn_lu","CHF","fs"
"441","","2016","46736191.07","einnahmen","ktn_gdn_lu","CHF","fs"
"442","","2016","10069117.3","einnahmen","ktn_gdn_lu","CHF","fs"
"443","","2016","30381435.48","einnahmen","ktn_gdn_lu","CHF","fs"
"445","","2016","3831815.07","einnahmen","ktn_gdn_lu","CHF","fs"
"446","","2016","97523454.42","einnahmen","ktn_gdn_lu","CHF","fs"
"447","","2016","40104785.72","einnahmen","ktn_gdn_lu","CHF","fs"
"448","","2016","2246587.35","einnahmen","ktn_gdn_lu","CHF","fs"
"449","","2016","","einnahmen","ktn_gdn_lu","CHF","fs"
"46000","","2016","130905722","einnahmen","ktn_gdn_lu","CHF","fs"
"46001","","2016","26358605","einnahmen","ktn_gdn_lu","CHF","fs"
"46002","","2016","1506826","einnahmen","ktn_gdn_lu","CHF","fs"
"46003","","2016","1186205","einnahmen","ktn_gdn_lu","CHF","fs"
"46004","","2016","","einnahmen","ktn_gdn_lu","CHF","fs"
"46005","","2016","10657305.91","einnahmen","ktn_gdn_lu","CHF","fs"
"46006","","2016","","einnahmen","ktn_gdn_lu","CHF","fs"
"46007","","2016","202774","einnahmen","ktn_gdn_lu","CHF","fs"
"46008","","2016","16818804.5","einnahmen","ktn_gdn_lu","CHF","fs"
"46009","","2016","153791","einnahmen","ktn_gdn_lu","CHF","fs"
"46010","","2016","","einnahmen","ktn_gdn_lu","CHF","fs"
"46011","","2016","","einnahmen","ktn_gdn_lu","CHF","fs"
"46012","","2016","","einnahmen","ktn_gdn_lu","CHF","fs"
"46019","","2016","","einnahmen","ktn_gdn_lu","CHF","fs"
"4603","","2016","","einnahmen","ktn_gdn_lu","CHF","fs"
"4604","","2016","","einnahmen","ktn_gdn_lu","CHF","fs"
"4610","","2016","101071994.64","einnahmen","ktn_gdn_lu","CHF","fs"
"4611","","2016","22544820.35","einnahmen","ktn_gdn_lu","CHF","fs"
"4612","","2016","","einnahmen","ktn_gdn_lu","CHF","fs"
"4613","","2016","19066154.68","einnahmen","ktn_gdn_lu","CHF","fs"
"4614","","2016","","einnahmen","ktn_gdn_lu","CHF","fs"
"46201","","2016","136485109.16","einnahmen","ktn_gdn_lu","CHF","fs"
"46202","","2016","","einnahmen","ktn_gdn_lu","CHF","fs"
"46203","","2016","6444590.66","einnahmen","ktn_gdn_lu","CHF","fs"
"46204","","2016","15004977.33","einnahmen","ktn_gdn_lu","CHF","fs"
"46209","","2016","","einnahmen","ktn_gdn_lu","CHF","fs"
"46211","","2016","93275208.96","einnahmen","ktn_gdn_lu","CHF","fs"
"46212","","2016","","einnahmen","ktn_gdn_lu","CHF","fs"
"46213","","2016","","einnahmen","ktn_gdn_lu","CHF","fs"
"46214","","2016","7502488.67","einnahmen","ktn_gdn_lu","CHF","fs"
"46215","","2016","","einnahmen","ktn_gdn_lu","CHF","fs"
"46216","","2016","","einnahmen","ktn_gdn_lu","CHF","fs"
"46217","","2016","","einnahmen","ktn_gdn_lu","CHF","fs"
"46225","","2016","","einnahmen","ktn_gdn_lu","CHF","fs"
"46226","","2016","","einnahmen","ktn_gdn_lu","CHF","fs"
"46227","","2016","","einnahmen","ktn_gdn_lu","CHF","fs"
"46228","","2016","","einnahmen","ktn_gdn_lu","CHF","fs"
"4624","","2016","","einnahmen","ktn_gdn_lu","CHF","fs"
"4629","","2016","","einnahmen","ktn_gdn_lu","CHF","fs"
"4630","","2016","471127817.59","einnahmen","ktn_gdn_lu","CHF","fs"
"4631","","2016","49668590.55","einnahmen","ktn_gdn_lu","CHF","fs"
"4632","","2016","","einnahmen","ktn_gdn_lu","CHF","fs"
"4633","","2016","","einnahmen","ktn_gdn_lu","CHF","fs"
"4634","","2016","2364532.95","einnahmen","ktn_gdn_lu","CHF","fs"
"4635","","2016","166946","einnahmen","ktn_gdn_lu","CHF","fs"
"4636","","2016","1053940.05","einnahmen","ktn_gdn_lu","CHF","fs"
"4637","","2016","","einnahmen","ktn_gdn_lu","CHF","fs"
"4638","","2016","","einnahmen","ktn_gdn_lu","CHF","fs"
"469","","2016","1794307.45","einnahmen","ktn_gdn_lu","CHF","fs"
"481","","2016","","einnahmen","ktn_gdn_lu","CHF","fs"
"482","","2016","","einnahmen","ktn_gdn_lu","CHF","fs"
"483","","2016","","einnahmen","ktn_gdn_lu","CHF","fs"
"484","","2016","","einnahmen","ktn_gdn_lu","CHF","fs"
"4860","","2016","","einnahmen","ktn_gdn_lu","CHF","fs"
"4861","","2016","","einnahmen","ktn_gdn_lu","CHF","fs"
"4862","","2016","","einnahmen","ktn_gdn_lu","CHF","fs"
"4863","","2016","","einnahmen","ktn_gdn_lu","CHF","fs"
"4864","","2016","","einnahmen","ktn_gdn_lu","CHF","fs"
"4865","","2016","","einnahmen","ktn_gdn_lu","CHF","fs"
"4866","","2016","","einnahmen","ktn_gdn_lu","CHF","fs"
"4867","","2016","","einnahmen","ktn_gdn_lu","CHF","fs"
"4868","","2016","","einnahmen","ktn_gdn_lu","CHF","fs"
"600","","2016","545113.3","einnahmen","ktn_gdn_lu","CHF","fs"
"603","","2016","4496.7","einnahmen","ktn_gdn_lu","CHF","fs"
"604","","2016","2801976.51","einnahmen","ktn_gdn_lu","CHF","fs"
"605","","2016","","einnahmen","ktn_gdn_lu","CHF","fs"
"606","","2016","243149.24","einnahmen","ktn_gdn_lu","CHF","fs"
"609","","2016","3000","einnahmen","ktn_gdn_lu","CHF","fs"
"610","","2016","","einnahmen","ktn_gdn_lu","CHF","fs"
"613","","2016","4961418.23","einnahmen","ktn_gdn_lu","CHF","fs"
"614","","2016","592185.75","einnahmen","ktn_gdn_lu","CHF","fs"
"615","","2016","","einnahmen","ktn_gdn_lu","CHF","fs"
"616","","2016","","einnahmen","ktn_gdn_lu","CHF","fs"
"619","","2016","","einnahmen","ktn_gdn_lu","CHF","fs"
"620","","2016","","einnahmen","ktn_gdn_lu","CHF","fs"
"621","","2016","","einnahmen","ktn_gdn_lu","CHF","fs"
"629","","2016","","einnahmen","ktn_gdn_lu","CHF","fs"
"630","","2016","","einnahmen","ktn_gdn_lu","CHF","fs"
"631","","2016","","einnahmen","ktn_gdn_lu","CHF","fs"
"632","","2016","","einnahmen","ktn_gdn_lu","CHF","fs"
"633","","2016","","einnahmen","ktn_gdn_lu","CHF","fs"
"634","","2016","","einnahmen","ktn_gdn_lu","CHF","fs"
"635","","2016","","einnahmen","ktn_gdn_lu","CHF","fs"
"636","","2016","","einnahmen","ktn_gdn_lu","CHF","fs"
"637","","2016","","einnahmen","ktn_gdn_lu","CHF","fs"
"638","","2016","","einnahmen","ktn_gdn_lu","CHF","fs"
"640","","2016","","einnahmen","ktn_gdn_lu","CHF","fs"
"641","","2016","","einnahmen","ktn_gdn_lu","CHF","fs"
"642","","2016","1215150","einnahmen","ktn_gdn_lu","CHF","fs"
"643","","2016","","einnahmen","ktn_gdn_lu","CHF","fs"
"644","","2016","382284","einnahmen","ktn_gdn_lu","CHF","fs"
"645","","2016","514612.5","einnahmen","ktn_gdn_lu","CHF","fs"
"646","","2016","494385.35","einnahmen","ktn_gdn_lu","CHF","fs"
"647","","2016","","einnahmen","ktn_gdn_lu","CHF","fs"
"648","","2016","","einnahmen","ktn_gdn_lu","CHF","fs"
"649","","2016","48615","einnahmen","ktn_gdn_lu","CHF","fs"
"650","","2016","","einnahmen","ktn_gdn_lu","CHF","fs"
"651","","2016","","einnahmen","ktn_gdn_lu","CHF","fs"
"652","","2016","","einnahmen","ktn_gdn_lu","CHF","fs"
"653","","2016","","einnahmen","ktn_gdn_lu","CHF","fs"
"654","","2016","","einnahmen","ktn_gdn_lu","CHF","fs"
"655","","2016","","einnahmen","ktn_gdn_lu","CHF","fs"
"656","","2016","","einnahmen","ktn_gdn_lu","CHF","fs"
"657","","2016","","einnahmen","ktn_gdn_lu","CHF","fs"
"658","","2016","","einnahmen","ktn_gdn_lu","CHF","fs"
"660","","2016","","einnahmen","ktn_gdn_lu","CHF","fs"
"661","","2016","","einnahmen","ktn_gdn_lu","CHF","fs"
"662","","2016","","einnahmen","ktn_gdn_lu","CHF","fs"
"663","","2016","","einnahmen","ktn_gdn_lu","CHF","fs"
"664","","2016","","einnahmen","ktn_gdn_lu","CHF","fs"
"665","","2016","15621","einnahmen","ktn_gdn_lu","CHF","fs"
"666","","2016","","einnahmen","ktn_gdn_lu","CHF","fs"
"667","","2016","","einnahmen","ktn_gdn_lu","CHF","fs"
"668","","2016","","einnahmen","ktn_gdn_lu","CHF","fs"
"670","","2016","40372983.36","einnahmen","ktn_gdn_lu","CHF","fs"
"671","","2016","","einnahmen","ktn_gdn_lu","CHF","fs"
"672","","2016","","einnahmen","ktn_gdn_lu","CHF","fs"
"673","","2016","","einnahmen","ktn_gdn_lu","CHF","fs"
"674","","2016","8767790.45","einnahmen","ktn_gdn_lu","CHF","fs"
"675","","2016","165308.1","einnahmen","ktn_gdn_lu","CHF","fs"
"676","","2016","5926378.45","einnahmen","ktn_gdn_lu","CHF","fs"
"677","","2016","35277551.82","einnahmen","ktn_gdn_lu","CHF","fs"
"678","","2016","","einnahmen","ktn_gdn_lu","CHF","fs"
"680","","2016","","einnahmen","ktn_gdn_lu","CHF","fs"
"682","","2016","","einnahmen","ktn_gdn_lu","CHF","fs"
"684","","2016","","einnahmen","ktn_gdn_lu","CHF","fs"
"685","","2016","","einnahmen","ktn_gdn_lu","CHF","fs"
"686","","2016","","einnahmen","ktn_gdn_lu","CHF","fs"
"6870","","2016","","einnahmen","ktn_gdn_lu","CHF","fs"
"6871","","2016","","einnahmen","ktn_gdn_lu","CHF","fs"
"6872","","2016","","einnahmen","ktn_gdn_lu","CHF","fs"
"6873","","2016","","einnahmen","ktn_gdn_lu","CHF","fs"
"6874","","2016","","einnahmen","ktn_gdn_lu","CHF","fs"
"6875","","2016","","einnahmen","ktn_gdn_lu","CHF","fs"
"6876","","2016","","einnahmen","ktn_gdn_lu","CHF","fs"
"6877","","2016","","einnahmen","ktn_gdn_lu","CHF","fs"
"6878","","2016","","einnahmen","ktn_gdn_lu","CHF","fs"
"689","","2016","","einnahmen","ktn_gdn_lu","CHF","fs"
"","01","2016","40763165.61","ausgaben_funk","ktn_gdn_lu","CHF","fs"
"","02","2016","356426803.59","ausgaben_funk","ktn_gdn_lu","CHF","fs"
"","03","2016","","ausgaben_funk","ktn_gdn_lu","CHF","fs"
"","08","2016","","ausgaben_funk","ktn_gdn_lu","CHF","fs"
"","11","2016","121976131.32","ausgaben_funk","ktn_gdn_lu","CHF","fs"
"","12","2016","70400297.4","ausgaben_funk","ktn_gdn_lu","CHF","fs"
"","13","2016","45098506.49","ausgaben_funk","ktn_gdn_lu","CHF","fs"
"","14","2016","87990008.62","ausgaben_funk","ktn_gdn_lu","CHF","fs"
"","15","2016","29182505.12","ausgaben_funk","ktn_gdn_lu","CHF","fs"
"","16","2016","20591649.05","ausgaben_funk","ktn_gdn_lu","CHF","fs"
"","18","2016","","ausgaben_funk","ktn_gdn_lu","CHF","fs"
"","21","2016","760028840.97","ausgaben_funk","ktn_gdn_lu","CHF","fs"
"","22","2016","112000186.99","ausgaben_funk","ktn_gdn_lu","CHF","fs"
"","23","2016","133429000.2","ausgaben_funk","ktn_gdn_lu","CHF","fs"
"","25","2016","113836220.63","ausgaben_funk","ktn_gdn_lu","CHF","fs"
"","26","2016","28650562.89","ausgaben_funk","ktn_gdn_lu","CHF","fs"
"","27","2016","247722945.12","ausgaben_funk","ktn_gdn_lu","CHF","fs"
"","28","2016","10733941","ausgaben_funk","ktn_gdn_lu","CHF","fs"
"","29","2016","16857083.96","ausgaben_funk","ktn_gdn_lu","CHF","fs"
"","31","2016","20318269.42","ausgaben_funk","ktn_gdn_lu","CHF","fs"
"","32","2016","73046472.93","ausgaben_funk","ktn_gdn_lu","CHF","fs"
"","33","2016","3357071.79","ausgaben_funk","ktn_gdn_lu","CHF","fs"
"","34","2016","56403683.03","ausgaben_funk","ktn_gdn_lu","CHF","fs"
"","35","2016","156002","ausgaben_funk","ktn_gdn_lu","CHF","fs"
"","38","2016","","ausgaben_funk","ktn_gdn_lu","CHF","fs"
"","41","2016","464596857.66","ausgaben_funk","ktn_gdn_lu","CHF","fs"
"","42","2016","27637715.22","ausgaben_funk","ktn_gdn_lu","CHF","fs"
"","43","2016","16043795.91","ausgaben_funk","ktn_gdn_lu","CHF","fs"
"","48","2016","","ausgaben_funk","ktn_gdn_lu","CHF","fs"
"","49","2016","4868038.33","ausgaben_funk","ktn_gdn_lu","CHF","fs"
"","51","2016","174080386.6","ausgaben_funk","ktn_gdn_lu","CHF","fs"
"","52","2016","200189557.97","ausgaben_funk","ktn_gdn_lu","CHF","fs"
"","53","2016","164769764.8","ausgaben_funk","ktn_gdn_lu","CHF","fs"
"","54","2016","101481661.65","ausgaben_funk","ktn_gdn_lu","CHF","fs"
"","55","2016","27012121.98","ausgaben_funk","ktn_gdn_lu","CHF","fs"
"","56","2016","5069752.17","ausgaben_funk","ktn_gdn_lu","CHF","fs"
"","57","2016","251896472.57","ausgaben_funk","ktn_gdn_lu","CHF","fs"
"","58","2016","","ausgaben_funk","ktn_gdn_lu","CHF","fs"
"","59","2016","801565.4","ausgaben_funk","ktn_gdn_lu","CHF","fs"
"","61","2016","217892756.89","ausgaben_funk","ktn_gdn_lu","CHF","fs"
"","62","2016","114637637.61","ausgaben_funk","ktn_gdn_lu","CHF","fs"
"","63","2016","149924.94","ausgaben_funk","ktn_gdn_lu","CHF","fs"
"","64","2016","","ausgaben_funk","ktn_gdn_lu","CHF","fs"
"","68","2016","","ausgaben_funk","ktn_gdn_lu","CHF","fs"
"","71","2016","29541180.05","ausgaben_funk","ktn_gdn_lu","CHF","fs"
"","72","2016","79863745.47","ausgaben_funk","ktn_gdn_lu","CHF","fs"
"","73","2016","23378846.66","ausgaben_funk","ktn_gdn_lu","CHF","fs"
"","74","2016","34742697.16","ausgaben_funk","ktn_gdn_lu","CHF","fs"
"","75","2016","7407712.92","ausgaben_funk","ktn_gdn_lu","CHF","fs"
"","76","2016","9286138.72","ausgaben_funk","ktn_gdn_lu","CHF","fs"
"","77","2016","16022448.65","ausgaben_funk","ktn_gdn_lu","CHF","fs"
"","78","2016","","ausgaben_funk","ktn_gdn_lu","CHF","fs"
"","79","2016","25413002.74","ausgaben_funk","ktn_gdn_lu","CHF","fs"
"","81","2016","238656409.44","ausgaben_funk","ktn_gdn_lu","CHF","fs"
"","82","2016","11635881.14","ausgaben_funk","ktn_gdn_lu","CHF","fs"
"","83","2016","1657062.86","ausgaben_funk","ktn_gdn_lu","CHF","fs"
"","84","2016","4811519.4","ausgaben_funk","ktn_gdn_lu","CHF","fs"
"","85","2016","9010832.87","ausgaben_funk","ktn_gdn_lu","CHF","fs"
"","86","2016","","ausgaben_funk","ktn_gdn_lu","CHF","fs"
"","87","2016","9504188.08","ausgaben_funk","ktn_gdn_lu","CHF","fs"
"","88","2016","","ausgaben_funk","ktn_gdn_lu","CHF","fs"
"","89","2016","312676.15","ausgaben_funk","ktn_gdn_lu","CHF","fs"
"","91","2016","30400033","ausgaben_funk","ktn_gdn_lu","CHF","fs"
"","92","2016","","ausgaben_funk","ktn_gdn_lu","CHF","fs"
"","93","2016","5442615","ausgaben_funk","ktn_gdn_lu","CHF","fs"
"","94","2016","","ausgaben_funk","ktn_gdn_lu","CHF","fs"
"","95","2016","","ausgaben_funk","ktn_gdn_lu","CHF","fs"
"","96","2016","64906518.03","ausgaben_funk","ktn_gdn_lu","CHF","fs"
"","97","2016","","ausgaben_funk","ktn_gdn_lu","CHF","fs"
"","99","2016","","ausgaben_funk","ktn_gdn_lu","CHF","fs"
"","01","2016","775636.55","einnahmen_funk","ktn_gdn_lu","CHF","fs"
"","02","2016","111679093.99","einnahmen_funk","ktn_gdn_lu","CHF","fs"
"","03","2016","","einnahmen_funk","ktn_gdn_lu","CHF","fs"
"","08","2016","","einnahmen_funk","ktn_gdn_lu","CHF","fs"
"","11","2016","55126916.82","einnahmen_funk","ktn_gdn_lu","CHF","fs"
"","12","2016","30604346.37","einnahmen_funk","ktn_gdn_lu","CHF","fs"
"","13","2016","16405005.43","einnahmen_funk","ktn_gdn_lu","CHF","fs"
"","14","2016","77534944.14","einnahmen_funk","ktn_gdn_lu","CHF","fs"
"","15","2016","25705047.6","einnahmen_funk","ktn_gdn_lu","CHF","fs"
"","16","2016","12112308.88","einnahmen_funk","ktn_gdn_lu","CHF","fs"
"","18","2016","","einnahmen_funk","ktn_gdn_lu","CHF","fs"
"","21","2016","40428782.61","einnahmen_funk","ktn_gdn_lu","CHF","fs"
"","22","2016","10543317.02","einnahmen_funk","ktn_gdn_lu","CHF","fs"
"","23","2016","66119824.23","einnahmen_funk","ktn_gdn_lu","CHF","fs"
"","25","2016","9253098.46","einnahmen_funk","ktn_gdn_lu","CHF","fs"
"","26","2016","2834781.97","einnahmen_funk","ktn_gdn_lu","CHF","fs"
"","27","2016","68730000.95","einnahmen_funk","ktn_gdn_lu","CHF","fs"
"","28","2016","10733941","einnahmen_funk","ktn_gdn_lu","CHF","fs"
"","29","2016","1461646.85","einnahmen_funk","ktn_gdn_lu","CHF","fs"
"","31","2016","2852970.36","einnahmen_funk","ktn_gdn_lu","CHF","fs"
"","32","2016","13212571.55","einnahmen_funk","ktn_gdn_lu","CHF","fs"
"","33","2016","713768.81","einnahmen_funk","ktn_gdn_lu","CHF","fs"
"","34","2016","15908234.23","einnahmen_funk","ktn_gdn_lu","CHF","fs"
"","35","2016","","einnahmen_funk","ktn_gdn_lu","CHF","fs"
"","38","2016","","einnahmen_funk","ktn_gdn_lu","CHF","fs"
"","41","2016","25745139.26","einnahmen_funk","ktn_gdn_lu","CHF","fs"
"","42","2016","1227443.05","einnahmen_funk","ktn_gdn_lu","CHF","fs"
"","43","2016","4513484.75","einnahmen_funk","ktn_gdn_lu","CHF","fs"
"","48","2016","","einnahmen_funk","ktn_gdn_lu","CHF","fs"
"","49","2016","1222822.28","einnahmen_funk","ktn_gdn_lu","CHF","fs"
"","51","2016","118341942","einnahmen_funk","ktn_gdn_lu","CHF","fs"
"","52","2016","32908980.65","einnahmen_funk","ktn_gdn_lu","CHF","fs"
"","53","2016","42163438.24","einnahmen_funk","ktn_gdn_lu","CHF","fs"
"","54","2016","17887486.27","einnahmen_funk","ktn_gdn_lu","CHF","fs"
"","55","2016","20043311.99","einnahmen_funk","ktn_gdn_lu","CHF","fs"
"","56","2016","710560.2","einnahmen_funk","ktn_gdn_lu","CHF","fs"
"","57","2016","129235842.85","einnahmen_funk","ktn_gdn_lu","CHF","fs"
"","58","2016","","einnahmen_funk","ktn_gdn_lu","CHF","fs"
"","59","2016","","einnahmen_funk","ktn_gdn_lu","CHF","fs"
"","61","2016","95351452.58","einnahmen_funk","ktn_gdn_lu","CHF","fs"
"","62","2016","10562656.82","einnahmen_funk","ktn_gdn_lu","CHF","fs"
"","63","2016","1e+05","einnahmen_funk","ktn_gdn_lu","CHF","fs"
"","64","2016","","einnahmen_funk","ktn_gdn_lu","CHF","fs"
"","68","2016","","einnahmen_funk","ktn_gdn_lu","CHF","fs"
"","71","2016","31116878.59","einnahmen_funk","ktn_gdn_lu","CHF","fs"
"","72","2016","88201935.14","einnahmen_funk","ktn_gdn_lu","CHF","fs"
"","73","2016","20132534.69","einnahmen_funk","ktn_gdn_lu","CHF","fs"
"","74","2016","16937547.7","einnahmen_funk","ktn_gdn_lu","CHF","fs"
"","75","2016","2714499.7","einnahmen_funk","ktn_gdn_lu","CHF","fs"
"","76","2016","5132450.94","einnahmen_funk","ktn_gdn_lu","CHF","fs"
"","77","2016","4309722.48","einnahmen_funk","ktn_gdn_lu","CHF","fs"
"","78","2016","","einnahmen_funk","ktn_gdn_lu","CHF","fs"
"","79","2016","6603179.68","einnahmen_funk","ktn_gdn_lu","CHF","fs"
"","81","2016","220394694.4","einnahmen_funk","ktn_gdn_lu","CHF","fs"
"","82","2016","3868423.82","einnahmen_funk","ktn_gdn_lu","CHF","fs"
"","83","2016","2032327.6","einnahmen_funk","ktn_gdn_lu","CHF","fs"
"","84","2016","398932.63","einnahmen_funk","ktn_gdn_lu","CHF","fs"
"","85","2016","8152114.67","einnahmen_funk","ktn_gdn_lu","CHF","fs"
"","86","2016","86542678","einnahmen_funk","ktn_gdn_lu","CHF","fs"
"","87","2016","42599814.48","einnahmen_funk","ktn_gdn_lu","CHF","fs"
"","88","2016","","einnahmen_funk","ktn_gdn_lu","CHF","fs"
"","89","2016","3125609.95","einnahmen_funk","ktn_gdn_lu","CHF","fs"
"","91","2016","2557308165.73","einnahmen_funk","ktn_gdn_lu","CHF","fs"
"","92","2016","","einnahmen_funk","ktn_gdn_lu","CHF","fs"
"","93","2016","258712374.78","einnahmen_funk","ktn_gdn_lu","CHF","fs"
"","94","2016","159127718","einnahmen_funk","ktn_gdn_lu","CHF","fs"
"","95","2016","","einnahmen_funk","ktn_gdn_lu","CHF","fs"
"","96","2016","105193576.39","einnahmen_funk","ktn_gdn_lu","CHF","fs"
"","97","2016","767744.95","einnahmen_funk","ktn_gdn_lu","CHF","fs"
"","99","2016","80709.55","einnahmen_funk","ktn_gdn_lu","CHF","fs"
"","01","2016","40763165.61","ord_ausgaben_funk","ktn_gdn_lu","CHF","fs"
"","02","2016","354593847.59","ord_ausgaben_funk","ktn_gdn_lu","CHF","fs"
"","03","2016","","ord_ausgaben_funk","ktn_gdn_lu","CHF","fs"
"","08","2016","","ord_ausgaben_funk","ktn_gdn_lu","CHF","fs"
"","11","2016","121976131.32","ord_ausgaben_funk","ktn_gdn_lu","CHF","fs"
"","12","2016","70400297.4","ord_ausgaben_funk","ktn_gdn_lu","CHF","fs"
"","13","2016","45098506.49","ord_ausgaben_funk","ktn_gdn_lu","CHF","fs"
"","14","2016","87990008.62","ord_ausgaben_funk","ktn_gdn_lu","CHF","fs"
"","15","2016","29182505.12","ord_ausgaben_funk","ktn_gdn_lu","CHF","fs"
"","16","2016","20591649.05","ord_ausgaben_funk","ktn_gdn_lu","CHF","fs"
"","18","2016","","ord_ausgaben_funk","ktn_gdn_lu","CHF","fs"
"","21","2016","760028840.97","ord_ausgaben_funk","ktn_gdn_lu","CHF","fs"
"","22","2016","112000186.99","ord_ausgaben_funk","ktn_gdn_lu","CHF","fs"
"","23","2016","133429000.2","ord_ausgaben_funk","ktn_gdn_lu","CHF","fs"
"","25","2016","113836220.63","ord_ausgaben_funk","ktn_gdn_lu","CHF","fs"
"","26","2016","28650562.89","ord_ausgaben_funk","ktn_gdn_lu","CHF","fs"
"","27","2016","247722945.12","ord_ausgaben_funk","ktn_gdn_lu","CHF","fs"
"","28","2016","10733941","ord_ausgaben_funk","ktn_gdn_lu","CHF","fs"
"","29","2016","16857083.96","ord_ausgaben_funk","ktn_gdn_lu","CHF","fs"
"","31","2016","20318269.42","ord_ausgaben_funk","ktn_gdn_lu","CHF","fs"
"","32","2016","73046472.93","ord_ausgaben_funk","ktn_gdn_lu","CHF","fs"
"","33","2016","3357071.79","ord_ausgaben_funk","ktn_gdn_lu","CHF","fs"
"","34","2016","56403683.03","ord_ausgaben_funk","ktn_gdn_lu","CHF","fs"
"","35","2016","156002","ord_ausgaben_funk","ktn_gdn_lu","CHF","fs"
"","38","2016","","ord_ausgaben_funk","ktn_gdn_lu","CHF","fs"
"","41","2016","464596857.66","ord_ausgaben_funk","ktn_gdn_lu","CHF","fs"
"","42","2016","27637715.22","ord_ausgaben_funk","ktn_gdn_lu","CHF","fs"
"","43","2016","16043795.91","ord_ausgaben_funk","ktn_gdn_lu","CHF","fs"
"","48","2016","","ord_ausgaben_funk","ktn_gdn_lu","CHF","fs"
"","49","2016","4868038.33","ord_ausgaben_funk","ktn_gdn_lu","CHF","fs"
"","51","2016","174080386.6","ord_ausgaben_funk","ktn_gdn_lu","CHF","fs"
"","52","2016","200189557.97","ord_ausgaben_funk","ktn_gdn_lu","CHF","fs"
"","53","2016","164769764.8","ord_ausgaben_funk","ktn_gdn_lu","CHF","fs"
"","54","2016","101481661.65","ord_ausgaben_funk","ktn_gdn_lu","CHF","fs"
"","55","2016","27012121.98","ord_ausgaben_funk","ktn_gdn_lu","CHF","fs"
"","56","2016","5069752.17","ord_ausgaben_funk","ktn_gdn_lu","CHF","fs"
"","57","2016","251896472.57","ord_ausgaben_funk","ktn_gdn_lu","CHF","fs"
"","58","2016","","ord_ausgaben_funk","ktn_gdn_lu","CHF","fs"
"","59","2016","801565.4","ord_ausgaben_funk","ktn_gdn_lu","CHF","fs"
"","61","2016","217892756.89","ord_ausgaben_funk","ktn_gdn_lu","CHF","fs"
"","62","2016","114637637.61","ord_ausgaben_funk","ktn_gdn_lu","CHF","fs"
"","63","2016","149924.94","ord_ausgaben_funk","ktn_gdn_lu","CHF","fs"
"","64","2016","","ord_ausgaben_funk","ktn_gdn_lu","CHF","fs"
"","68","2016","","ord_ausgaben_funk","ktn_gdn_lu","CHF","fs"
"","71","2016","29541180.05","ord_ausgaben_funk","ktn_gdn_lu","CHF","fs"
"","72","2016","79863745.47","ord_ausgaben_funk","ktn_gdn_lu","CHF","fs"
"","73","2016","23378846.66","ord_ausgaben_funk","ktn_gdn_lu","CHF","fs"
"","74","2016","34742697.16","ord_ausgaben_funk","ktn_gdn_lu","CHF","fs"
"","75","2016","7407712.92","ord_ausgaben_funk","ktn_gdn_lu","CHF","fs"
"","76","2016","9286138.72","ord_ausgaben_funk","ktn_gdn_lu","CHF","fs"
"","77","2016","16022448.65","ord_ausgaben_funk","ktn_gdn_lu","CHF","fs"
"","78","2016","","ord_ausgaben_funk","ktn_gdn_lu","CHF","fs"
"","79","2016","25413002.74","ord_ausgaben_funk","ktn_gdn_lu","CHF","fs"
"","81","2016","238656409.44","ord_ausgaben_funk","ktn_gdn_lu","CHF","fs"
"","82","2016","11635881.14","ord_ausgaben_funk","ktn_gdn_lu","CHF","fs"
"","83","2016","1657062.86","ord_ausgaben_funk","ktn_gdn_lu","CHF","fs"
"","84","2016","4811519.4","ord_ausgaben_funk","ktn_gdn_lu","CHF","fs"
"","85","2016","9010832.87","ord_ausgaben_funk","ktn_gdn_lu","CHF","fs"
"","86","2016","","ord_ausgaben_funk","ktn_gdn_lu","CHF","fs"
"","87","2016","9504188.08","ord_ausgaben_funk","ktn_gdn_lu","CHF","fs"
"","88","2016","","ord_ausgaben_funk","ktn_gdn_lu","CHF","fs"
"","89","2016","312676.15","ord_ausgaben_funk","ktn_gdn_lu","CHF","fs"
"","91","2016","30400033","ord_ausgaben_funk","ktn_gdn_lu","CHF","fs"
"","92","2016","","ord_ausgaben_funk","ktn_gdn_lu","CHF","fs"
"","93","2016","5442615","ord_ausgaben_funk","ktn_gdn_lu","CHF","fs"
"","94","2016","","ord_ausgaben_funk","ktn_gdn_lu","CHF","fs"
"","95","2016","","ord_ausgaben_funk","ktn_gdn_lu","CHF","fs"
"","96","2016","64906518.03","ord_ausgaben_funk","ktn_gdn_lu","CHF","fs"
"","97","2016","","ord_ausgaben_funk","ktn_gdn_lu","CHF","fs"
"","99","2016","","ord_ausgaben_funk","ktn_gdn_lu","CHF","fs"
"","01","2016","775636.55","ord_einnahmen_funk","ktn_gdn_lu","CHF","fs"
"","02","2016","111679093.99","ord_einnahmen_funk","ktn_gdn_lu","CHF","fs"
"","03","2016","","ord_einnahmen_funk","ktn_gdn_lu","CHF","fs"
"","08","2016","","ord_einnahmen_funk","ktn_gdn_lu","CHF","fs"
"","11","2016","55126916.82","ord_einnahmen_funk","ktn_gdn_lu","CHF","fs"
"","12","2016","30604346.37","ord_einnahmen_funk","ktn_gdn_lu","CHF","fs"
"","13","2016","16405005.43","ord_einnahmen_funk","ktn_gdn_lu","CHF","fs"
"","14","2016","77534944.14","ord_einnahmen_funk","ktn_gdn_lu","CHF","fs"
"","15","2016","25705047.6","ord_einnahmen_funk","ktn_gdn_lu","CHF","fs"
"","16","2016","12112308.88","ord_einnahmen_funk","ktn_gdn_lu","CHF","fs"
"","18","2016","","ord_einnahmen_funk","ktn_gdn_lu","CHF","fs"
"","21","2016","40428782.61","ord_einnahmen_funk","ktn_gdn_lu","CHF","fs"
"","22","2016","10543317.02","ord_einnahmen_funk","ktn_gdn_lu","CHF","fs"
"","23","2016","66119824.23","ord_einnahmen_funk","ktn_gdn_lu","CHF","fs"
"","25","2016","9253098.46","ord_einnahmen_funk","ktn_gdn_lu","CHF","fs"
"","26","2016","2834781.97","ord_einnahmen_funk","ktn_gdn_lu","CHF","fs"
"","27","2016","68730000.95","ord_einnahmen_funk","ktn_gdn_lu","CHF","fs"
"","28","2016","10733941","ord_einnahmen_funk","ktn_gdn_lu","CHF","fs"
"","29","2016","1461646.85","ord_einnahmen_funk","ktn_gdn_lu","CHF","fs"
"","31","2016","2852970.36","ord_einnahmen_funk","ktn_gdn_lu","CHF","fs"
"","32","2016","13212571.55","ord_einnahmen_funk","ktn_gdn_lu","CHF","fs"
"","33","2016","713768.81","ord_einnahmen_funk","ktn_gdn_lu","CHF","fs"
"","34","2016","15908234.23","ord_einnahmen_funk","ktn_gdn_lu","CHF","fs"
"","35","2016","","ord_einnahmen_funk","ktn_gdn_lu","CHF","fs"
"","38","2016","","ord_einnahmen_funk","ktn_gdn_lu","CHF","fs"
"","41","2016","25745139.26","ord_einnahmen_funk","ktn_gdn_lu","CHF","fs"
"","42","2016","1227443.05","ord_einnahmen_funk","ktn_gdn_lu","CHF","fs"
"","43","2016","4513484.75","ord_einnahmen_funk","ktn_gdn_lu","CHF","fs"
"","48","2016","","ord_einnahmen_funk","ktn_gdn_lu","CHF","fs"
"","49","2016","1222822.28","ord_einnahmen_funk","ktn_gdn_lu","CHF","fs"
"","51","2016","118341942","ord_einnahmen_funk","ktn_gdn_lu","CHF","fs"
"","52","2016","32908980.65","ord_einnahmen_funk","ktn_gdn_lu","CHF","fs"
"","53","2016","42163438.24","ord_einnahmen_funk","ktn_gdn_lu","CHF","fs"
"","54","2016","17887486.27","ord_einnahmen_funk","ktn_gdn_lu","CHF","fs"
"","55","2016","20043311.99","ord_einnahmen_funk","ktn_gdn_lu","CHF","fs"
"","56","2016","710560.2","ord_einnahmen_funk","ktn_gdn_lu","CHF","fs"
"","57","2016","129235842.85","ord_einnahmen_funk","ktn_gdn_lu","CHF","fs"
"","58","2016","","ord_einnahmen_funk","ktn_gdn_lu","CHF","fs"
"","59","2016","","ord_einnahmen_funk","ktn_gdn_lu","CHF","fs"
"","61","2016","95351452.58","ord_einnahmen_funk","ktn_gdn_lu","CHF","fs"
"","62","2016","10562656.82","ord_einnahmen_funk","ktn_gdn_lu","CHF","fs"
"","63","2016","1e+05","ord_einnahmen_funk","ktn_gdn_lu","CHF","fs"
"","64","2016","","ord_einnahmen_funk","ktn_gdn_lu","CHF","fs"
"","68","2016","","ord_einnahmen_funk","ktn_gdn_lu","CHF","fs"
"","71","2016","31116878.59","ord_einnahmen_funk","ktn_gdn_lu","CHF","fs"
"","72","2016","88201935.14","ord_einnahmen_funk","ktn_gdn_lu","CHF","fs"
"","73","2016","20132534.69","ord_einnahmen_funk","ktn_gdn_lu","CHF","fs"
"","74","2016","16937547.7","ord_einnahmen_funk","ktn_gdn_lu","CHF","fs"
"","75","2016","2714499.7","ord_einnahmen_funk","ktn_gdn_lu","CHF","fs"
"","76","2016","5132450.94","ord_einnahmen_funk","ktn_gdn_lu","CHF","fs"
"","77","2016","4309722.48","ord_einnahmen_funk","ktn_gdn_lu","CHF","fs"
"","78","2016","","ord_einnahmen_funk","ktn_gdn_lu","CHF","fs"
"","79","2016","6603179.68","ord_einnahmen_funk","ktn_gdn_lu","CHF","fs"
"","81","2016","220394694.4","ord_einnahmen_funk","ktn_gdn_lu","CHF","fs"
"","82","2016","3868423.82","ord_einnahmen_funk","ktn_gdn_lu","CHF","fs"
"","83","2016","2032327.6","ord_einnahmen_funk","ktn_gdn_lu","CHF","fs"
"","84","2016","398932.63","ord_einnahmen_funk","ktn_gdn_lu","CHF","fs"
"","85","2016","8152114.67","ord_einnahmen_funk","ktn_gdn_lu","CHF","fs"
"","86","2016","86542678","ord_einnahmen_funk","ktn_gdn_lu","CHF","fs"
"","87","2016","42599814.48","ord_einnahmen_funk","ktn_gdn_lu","CHF","fs"
"","88","2016","","ord_einnahmen_funk","ktn_gdn_lu","CHF","fs"
"","89","2016","3125609.95","ord_einnahmen_funk","ktn_gdn_lu","CHF","fs"
"","91","2016","2557308165.73","ord_einnahmen_funk","ktn_gdn_lu","CHF","fs"
"","92","2016","","ord_einnahmen_funk","ktn_gdn_lu","CHF","fs"
"","93","2016","258712374.78","ord_einnahmen_funk","ktn_gdn_lu","CHF","fs"
"","94","2016","159127718","ord_einnahmen_funk","ktn_gdn_lu","CHF","fs"
"","95","2016","","ord_einnahmen_funk","ktn_gdn_lu","CHF","fs"
"","96","2016","105193576.39","ord_einnahmen_funk","ktn_gdn_lu","CHF","fs"
"","97","2016","767744.95","ord_einnahmen_funk","ktn_gdn_lu","CHF","fs"
"","99","2016","80709.55","ord_einnahmen_funk","ktn_gdn_lu","CHF","fs"